epoch,lr,train_loss,train_obj,train_bbox,grad_norm,skipped,val_loss_raw,val_loss_ema,val_obj_ema,val_bbox_ema,val_auc_ema,val_iou_ema,val_iou50_ema,seconds
1,9.770e-04,3.2271,0.1193,0.6215,7.160,0,2.8652,2.7866,0.1297,0.5314,0.9692,0.6275,0.7500,1948
2,9.075e-04,2.6400,0.0990,0.5082,5.306,0,2.5431,2.4072,0.1084,0.4598,0.9765,0.6763,0.8150,1880
3,7.984e-04,2.4107,0.0912,0.4639,4.764,0,2.4831,2.3298,0.1065,0.4447,0.9781,0.6833,0.8198,1727
4,6.605e-04,2.2715,0.0862,0.4371,4.591,0,2.2002,2.1845,0.0980,0.4173,0.9809,0.7001,0.8309,1698
5,5.072e-04,2.1690,0.0827,0.4173,4.574,0,2.2146,2.1101,0.0970,0.4026,0.9814,0.7111,0.8416,1703
6,3.537e-04,2.0831,0.0798,0.4007,4.668,0,2.0724,2.0730,0.0953,0.3956,0.9820,0.7157,0.8446,1701
7,2.151e-04,2.0164,0.0774,0.3878,4.781,0,2.0350,2.0279,0.0941,0.3867,0.9826,0.7198,0.8464,1718
8,1.051e-04,1.9582,0.0757,0.3765,4.893,0,2.0052,2.0085,0.0923,0.3832,0.9832,0.7232,0.8452,1710
9,3.437e-05,1.9250,0.0743,0.3701,5.013,0,1.9895,1.9949,0.0923,0.3805,0.9835,0.7249,0.8475,1710
10,1.000e-05,1.9031,0.0738,0.3659,5.037,0,1.9831,1.9830,0.0914,0.3783,0.9838,0.7258,0.8484,1706
